Type,URL
LinkedIn URL,https
LinkedIn URL,https
LinkedIn URL,https
LinkedIn URL,https
LinkedIn URL,https
LinkedIn URL,https
LinkedIn URL,https
LinkedIn URL,https
LinkedIn URL,https
LinkedIn URL,https
LinkedIn URL,https
LinkedIn URL,https
LinkedIn URL,https
LinkedIn URL,https
LinkedIn URL,https
LinkedIn URL,https
LinkedIn URL,https
LinkedIn URL,https
LinkedIn URL,https
LinkedIn URL,https
LinkedIn URL,https
LinkedIn URL,http
LinkedIn URL,https
LinkedIn URL,https
LinkedIn URL,https
LinkedIn URL,https
LinkedIn URL,https
LinkedIn URL,https
LinkedIn URL,https
LinkedIn URL,https
LinkedIn URL,https
LinkedIn URL,https
LinkedIn URL,https
LinkedIn URL,https
LinkedIn URL,https
LinkedIn URL,https
LinkedIn URL,https
LinkedIn URL,https
LinkedIn URL,https
LinkedIn URL,https
LinkedIn URL,https
LinkedIn URL,https
LinkedIn URL,https
LinkedIn URL,https
LinkedIn URL,https
LinkedIn URL,https
LinkedIn URL,https
LinkedIn URL,https
LinkedIn URL,https
LinkedIn URL,http
LinkedIn URL,https
LinkedIn URL,https
LinkedIn URL,https
LinkedIn URL,http
LinkedIn URL,http
LinkedIn URL,http
LinkedIn URL,http
LinkedIn URL,https
LinkedIn URL,https
LinkedIn URL,https
LinkedIn URL,https
LinkedIn URL,http
LinkedIn URL,https
LinkedIn URL,https
LinkedIn URL,https
LinkedIn URL,https
LinkedIn URL,https
LinkedIn URL,https
LinkedIn URL,https
LinkedIn URL,https
LinkedIn URL,https
LinkedIn URL,https
LinkedIn URL,https
LinkedIn URL,http
LinkedIn URL,https
LinkedIn URL,https
LinkedIn URL,http
LinkedIn URL,https
LinkedIn URL,https
LinkedIn URL,https
LinkedIn URL,https
LinkedIn URL,https
LinkedIn URL,https
LinkedIn URL,https
LinkedIn URL,https
LinkedIn URL,https
LinkedIn URL,https
LinkedIn URL,http
LinkedIn URL,https
LinkedIn URL,https
LinkedIn URL,https
LinkedIn URL,https
LinkedIn URL,https
LinkedIn URL,https
LinkedIn URL,https
LinkedIn URL,https
LinkedIn URL,https
LinkedIn URL,https
LinkedIn URL,https
LinkedIn URL,https
LinkedIn URL,https
LinkedIn URL,https
LinkedIn URL,https
LinkedIn URL,https
LinkedIn URL,https
LinkedIn URL,https
LinkedIn URL,https
LinkedIn URL,https
LinkedIn URL,http
LinkedIn URL,https
LinkedIn URL,https
LinkedIn URL,https
LinkedIn URL,https
LinkedIn URL,http
LinkedIn URL,https
LinkedIn URL,https
LinkedIn URL,http
LinkedIn URL,https
LinkedIn URL,https
LinkedIn URL,https
LinkedIn URL,https
LinkedIn URL,https
LinkedIn URL,https
LinkedIn URL,https
LinkedIn URL,https
LinkedIn URL,http
LinkedIn URL,https
LinkedIn URL,https
LinkedIn URL,https
LinkedIn URL,https
LinkedIn URL,https
LinkedIn URL,https
LinkedIn URL,https
LinkedIn URL,https
LinkedIn URL,https
LinkedIn URL,http
LinkedIn URL,https
LinkedIn URL,https
LinkedIn URL,http
LinkedIn URL,https
LinkedIn URL,http
LinkedIn URL,https
LinkedIn URL,http
LinkedIn URL,http
LinkedIn URL,https
LinkedIn URL,https
LinkedIn URL,https
LinkedIn URL,https
LinkedIn URL,https
LinkedIn URL,https
LinkedIn URL,https
LinkedIn URL,https
LinkedIn URL,https
LinkedIn URL,https
LinkedIn URL,https
LinkedIn URL,https
LinkedIn URL,https
LinkedIn URL,https
LinkedIn URL,https
LinkedIn URL,https
LinkedIn URL,https
LinkedIn URL,https
LinkedIn URL,https
LinkedIn URL,https
LinkedIn URL,https
LinkedIn URL,https
LinkedIn URL,https
LinkedIn URL,https
LinkedIn URL,https
LinkedIn URL,https
LinkedIn URL,https
LinkedIn URL,https
LinkedIn URL,https
LinkedIn URL,https
LinkedIn URL,https
LinkedIn URL,http
LinkedIn URL,https
LinkedIn URL,https
LinkedIn URL,https
LinkedIn URL,https
LinkedIn URL,http
LinkedIn URL,https
LinkedIn URL,https
LinkedIn URL,https
LinkedIn URL,https
LinkedIn URL,http
LinkedIn URL,https
LinkedIn URL,https
LinkedIn URL,https
LinkedIn URL,https
LinkedIn URL,https
LinkedIn URL,http
LinkedIn URL,https
LinkedIn URL,https
LinkedIn URL,https
LinkedIn URL,https
LinkedIn URL,https
LinkedIn URL,https
LinkedIn URL,http
LinkedIn URL,https
LinkedIn URL,http
LinkedIn URL,https
LinkedIn URL,https
LinkedIn URL,https
LinkedIn URL,https
LinkedIn URL,https
LinkedIn URL,https
LinkedIn URL,https
LinkedIn URL,https
LinkedIn URL,http
LinkedIn URL,https
LinkedIn URL,https
LinkedIn URL,http
LinkedIn URL,http
LinkedIn URL,https
LinkedIn URL,http
LinkedIn URL,https
LinkedIn URL,https
LinkedIn URL,https
LinkedIn URL,https
LinkedIn URL,https
LinkedIn URL,https
LinkedIn URL,https
LinkedIn URL,https
LinkedIn URL,https
LinkedIn URL,https
LinkedIn URL,https
LinkedIn URL,https
LinkedIn URL,https
LinkedIn URL,https
LinkedIn URL,https
LinkedIn URL,https
LinkedIn URL,https
LinkedIn URL,https
LinkedIn URL,https
LinkedIn URL,https
LinkedIn URL,https
LinkedIn URL,https
LinkedIn URL,https
LinkedIn URL,https
LinkedIn URL,https
LinkedIn URL,https
LinkedIn URL,https
LinkedIn URL,https
LinkedIn URL,https
LinkedIn URL,https
LinkedIn URL,https
LinkedIn URL,https
LinkedIn URL,https
LinkedIn URL,https
LinkedIn URL,http
LinkedIn URL,https
LinkedIn URL,https
LinkedIn URL,https
LinkedIn URL,https
LinkedIn URL,https
LinkedIn URL,https
LinkedIn URL,http
LinkedIn URL,https
LinkedIn URL,http
LinkedIn URL,https
LinkedIn URL,https
LinkedIn URL,http
LinkedIn URL,https
LinkedIn URL,https
LinkedIn URL,https
LinkedIn URL,https
LinkedIn URL,https
LinkedIn URL,https
LinkedIn URL,https
LinkedIn URL,https
LinkedIn URL,https
LinkedIn URL,https
LinkedIn URL,https
LinkedIn URL,https
LinkedIn URL,https
LinkedIn URL,https
LinkedIn URL,https
LinkedIn URL,https
LinkedIn URL,https
LinkedIn URL,https
LinkedIn URL,https
LinkedIn URL,https
LinkedIn URL,https
LinkedIn URL,http
LinkedIn URL,https
LinkedIn URL,https
LinkedIn URL,https
LinkedIn URL,https
LinkedIn URL,https
LinkedIn URL,https
LinkedIn URL,https
LinkedIn URL,https
LinkedIn URL,https
LinkedIn URL,https
LinkedIn URL,https
LinkedIn URL,https
LinkedIn URL,https
LinkedIn URL,https
LinkedIn URL,https
LinkedIn URL,https
LinkedIn URL,https
LinkedIn URL,https
LinkedIn URL,https
LinkedIn URL,http
LinkedIn URL,https
LinkedIn URL,https
LinkedIn URL,https
LinkedIn URL,https
LinkedIn URL,https
LinkedIn URL,https
LinkedIn URL,http
LinkedIn URL,https
LinkedIn URL,https
LinkedIn URL,https
LinkedIn URL,https
LinkedIn URL,https
LinkedIn URL,https
LinkedIn URL,https
LinkedIn URL,https
LinkedIn URL,https
LinkedIn URL,https
LinkedIn URL,https
LinkedIn URL,https
LinkedIn URL,https
LinkedIn URL,https
LinkedIn URL,http
LinkedIn URL,https
LinkedIn URL,https
LinkedIn URL,https
LinkedIn URL,https
LinkedIn URL,https
LinkedIn URL,https
LinkedIn URL,https
LinkedIn URL,https
LinkedIn URL,https
LinkedIn URL,https
LinkedIn URL,https
LinkedIn URL,https
LinkedIn URL,https
LinkedIn URL,https
LinkedIn URL,https
LinkedIn URL,https
LinkedIn URL,https
LinkedIn URL,https
LinkedIn URL,https
LinkedIn URL,https
LinkedIn URL,https
LinkedIn URL,https
LinkedIn URL,https
LinkedIn URL,https
LinkedIn URL,https
LinkedIn URL,https
LinkedIn URL,https
LinkedIn URL,http
LinkedIn URL,https
LinkedIn URL,https
LinkedIn URL,https
LinkedIn URL,https
LinkedIn URL,https
LinkedIn URL,https
LinkedIn URL,https
LinkedIn URL,http
LinkedIn URL,https
LinkedIn URL,https
LinkedIn URL,https
LinkedIn URL,https
LinkedIn URL,https
LinkedIn URL,https
LinkedIn URL,https
LinkedIn URL,https
LinkedIn URL,https
LinkedIn URL,https
LinkedIn URL,https
LinkedIn URL,https
LinkedIn URL,https
LinkedIn URL,https
LinkedIn URL,https
LinkedIn URL,https
LinkedIn URL,https
LinkedIn URL,https
LinkedIn URL,https
LinkedIn URL,https
LinkedIn URL,https
LinkedIn URL,https
LinkedIn URL,https
LinkedIn URL,https
LinkedIn URL,https
LinkedIn URL,https
LinkedIn URL,https
LinkedIn URL,https
LinkedIn URL,https
LinkedIn URL,https
LinkedIn URL,https
LinkedIn URL,https
LinkedIn URL,https
LinkedIn URL,https
LinkedIn URL,http
LinkedIn URL,https
LinkedIn URL,https
LinkedIn URL,https
LinkedIn URL,https
LinkedIn URL,https
LinkedIn URL,https
LinkedIn URL,https
LinkedIn URL,https
LinkedIn URL,http
LinkedIn URL,https
LinkedIn URL,https
LinkedIn URL,https
LinkedIn URL,https
LinkedIn URL,https
LinkedIn URL,https
LinkedIn URL,https
LinkedIn URL,https
LinkedIn URL,https
LinkedIn URL,https
LinkedIn URL,https
LinkedIn URL,https
LinkedIn URL,https
LinkedIn URL,https
LinkedIn URL,https
LinkedIn URL,http
LinkedIn URL,https
LinkedIn URL,http
LinkedIn URL,https
LinkedIn URL,https
LinkedIn URL,https
LinkedIn URL,https
LinkedIn URL,https
LinkedIn URL,https
LinkedIn URL,https
LinkedIn URL,https
LinkedIn URL,https
LinkedIn URL,http
LinkedIn URL,https
LinkedIn URL,https
LinkedIn URL,https
LinkedIn URL,https
LinkedIn URL,https
LinkedIn URL,https
LinkedIn URL,http
LinkedIn URL,https
LinkedIn URL,https
LinkedIn URL,http
LinkedIn URL,https
LinkedIn URL,https
LinkedIn URL,https
LinkedIn URL,https
LinkedIn URL,http
LinkedIn URL,https
LinkedIn URL,https
LinkedIn URL,https
LinkedIn URL,https
LinkedIn URL,https
LinkedIn URL,https
LinkedIn URL,https
LinkedIn URL,https
LinkedIn URL,http
LinkedIn URL,https
LinkedIn URL,https
LinkedIn URL,https
LinkedIn URL,https
LinkedIn URL,https
LinkedIn URL,https
LinkedIn URL,https
LinkedIn URL,https
LinkedIn URL,https
LinkedIn URL,https
LinkedIn URL,https
LinkedIn URL,https
LinkedIn URL,http
LinkedIn URL,https
LinkedIn URL,https
LinkedIn URL,https
LinkedIn URL,https
LinkedIn URL,https
LinkedIn URL,https
LinkedIn URL,https
LinkedIn URL,https
LinkedIn URL,https
LinkedIn URL,https
LinkedIn URL,https
LinkedIn URL,https
LinkedIn URL,https
LinkedIn URL,https
LinkedIn URL,https
LinkedIn URL,https
LinkedIn URL,https
LinkedIn URL,http
LinkedIn URL,https
LinkedIn URL,https
LinkedIn URL,https
LinkedIn URL,https
LinkedIn URL,https
LinkedIn URL,https
LinkedIn URL,https
LinkedIn URL,https
LinkedIn URL,https
LinkedIn URL,https
LinkedIn URL,https
LinkedIn URL,https
LinkedIn URL,https
LinkedIn URL,https
LinkedIn URL,http
LinkedIn URL,https
LinkedIn URL,https
LinkedIn URL,http
LinkedIn URL,https
LinkedIn URL,https
LinkedIn URL,https
LinkedIn URL,https
LinkedIn URL,https
LinkedIn URL,https
LinkedIn URL,https
LinkedIn URL,https
LinkedIn URL,https
LinkedIn URL,https
LinkedIn URL,https
LinkedIn URL,https
LinkedIn URL,https
LinkedIn URL,https
LinkedIn URL,https
LinkedIn URL,https
LinkedIn URL,https
LinkedIn URL,https
LinkedIn URL,https
LinkedIn URL,https
LinkedIn URL,https
LinkedIn URL,http
LinkedIn URL,https
LinkedIn URL,https
LinkedIn URL,https
LinkedIn URL,https
LinkedIn URL,https
LinkedIn URL,https
LinkedIn URL,https
LinkedIn URL,https
LinkedIn URL,https
LinkedIn URL,https
LinkedIn URL,https
LinkedIn URL,https
LinkedIn URL,https
LinkedIn URL,https
LinkedIn URL,https
LinkedIn URL,https
LinkedIn URL,https
LinkedIn URL,https
LinkedIn URL,https
LinkedIn URL,https
LinkedIn URL,https
LinkedIn URL,https
LinkedIn URL,https
LinkedIn URL,https
LinkedIn URL,https
LinkedIn URL,https
LinkedIn URL,http
LinkedIn URL,http
LinkedIn URL,https
LinkedIn URL,https
LinkedIn URL,https
LinkedIn URL,https
LinkedIn URL,https
LinkedIn URL,https
LinkedIn URL,https
LinkedIn URL,https
LinkedIn URL,https
LinkedIn URL,https
LinkedIn URL,https
LinkedIn URL,http
LinkedIn URL,https
LinkedIn URL,https
LinkedIn URL,https
LinkedIn URL,https
LinkedIn URL,https
LinkedIn URL,https
LinkedIn URL,https
LinkedIn URL,https
LinkedIn URL,https
LinkedIn URL,https
LinkedIn URL,https
LinkedIn URL,https
LinkedIn URL,https
LinkedIn URL,http
LinkedIn URL,https
LinkedIn URL,https
LinkedIn URL,https
LinkedIn URL,https
LinkedIn URL,https
LinkedIn URL,https
LinkedIn URL,https
LinkedIn URL,https
LinkedIn URL,https
LinkedIn URL,http
LinkedIn URL,https
LinkedIn URL,https
LinkedIn URL,http
LinkedIn URL,https
LinkedIn URL,https
LinkedIn URL,https
LinkedIn URL,https
LinkedIn URL,https
LinkedIn URL,https
LinkedIn URL,https
LinkedIn URL,https
LinkedIn URL,https
LinkedIn URL,https
LinkedIn URL,https
LinkedIn URL,https
LinkedIn URL,https
LinkedIn URL,https
LinkedIn URL,https
LinkedIn URL,https
LinkedIn URL,https
LinkedIn URL,https
LinkedIn URL,https
LinkedIn URL,https
LinkedIn URL,https
LinkedIn URL,https
LinkedIn URL,https
LinkedIn URL,https
LinkedIn URL,https
LinkedIn URL,https
LinkedIn URL,https
LinkedIn URL,https
LinkedIn URL,https
LinkedIn URL,https
LinkedIn URL,https
LinkedIn URL,https
LinkedIn URL,https
LinkedIn URL,https
LinkedIn URL,https
LinkedIn URL,https
LinkedIn URL,https
LinkedIn URL,https
LinkedIn URL,https
LinkedIn URL,https
LinkedIn URL,https
LinkedIn URL,https
LinkedIn URL,https
LinkedIn URL,https
LinkedIn URL,http
LinkedIn URL,https
LinkedIn URL,https
LinkedIn URL,https
LinkedIn URL,http
LinkedIn URL,https
LinkedIn URL,https
LinkedIn URL,https
LinkedIn URL,https
LinkedIn URL,https
LinkedIn URL,https
LinkedIn URL,https
LinkedIn URL,http
LinkedIn URL,https
LinkedIn URL,https
LinkedIn URL,https
LinkedIn URL,https
LinkedIn URL,https
LinkedIn URL,https
LinkedIn URL,https
LinkedIn URL,https
LinkedIn URL,https
LinkedIn URL,https
LinkedIn URL,https
LinkedIn URL,https
LinkedIn URL,https
LinkedIn URL,https
LinkedIn URL,https
LinkedIn URL,https
LinkedIn URL,https
LinkedIn URL,https
LinkedIn URL,https
LinkedIn URL,https
LinkedIn URL,https
LinkedIn URL,https
LinkedIn URL,http
LinkedIn URL,https
LinkedIn URL,http
LinkedIn URL,https
LinkedIn URL,https
LinkedIn URL,https
LinkedIn URL,https
LinkedIn URL,https
LinkedIn URL,https
LinkedIn URL,http
LinkedIn URL,https
LinkedIn URL,https
LinkedIn URL,https
LinkedIn URL,https
LinkedIn URL,https
LinkedIn URL,https
LinkedIn URL,https
LinkedIn URL,https
LinkedIn URL,https
LinkedIn URL,https
LinkedIn URL,https
LinkedIn URL,https
LinkedIn URL,https
LinkedIn URL,https
LinkedIn URL,https
LinkedIn URL,https
LinkedIn URL,https
LinkedIn URL,https
LinkedIn URL,http
LinkedIn URL,https
LinkedIn URL,http
LinkedIn URL,http
LinkedIn URL,https
LinkedIn URL,https
LinkedIn URL,https
LinkedIn URL,https
LinkedIn URL,https
LinkedIn URL,http
LinkedIn URL,https
LinkedIn URL,https
LinkedIn URL,https
LinkedIn URL,https
LinkedIn URL,https
LinkedIn URL,https
LinkedIn URL,https
LinkedIn URL,https
LinkedIn URL,https
LinkedIn URL,https
LinkedIn URL,https
LinkedIn URL,https
LinkedIn URL,https
LinkedIn URL,https
LinkedIn URL,http
LinkedIn URL,https
LinkedIn URL,https
LinkedIn URL,https
LinkedIn URL,https
LinkedIn URL,https
LinkedIn URL,https
LinkedIn URL,https
LinkedIn URL,https
LinkedIn URL,http
LinkedIn URL,https
LinkedIn URL,https
LinkedIn URL,https
LinkedIn URL,https
LinkedIn URL,https
LinkedIn URL,https
LinkedIn URL,https
LinkedIn URL,https
LinkedIn URL,https
LinkedIn URL,http
LinkedIn URL,https
LinkedIn URL,https
LinkedIn URL,https
LinkedIn URL,https
LinkedIn URL,https
LinkedIn URL,https
LinkedIn URL,http
LinkedIn URL,https
LinkedIn URL,https
LinkedIn URL,https
LinkedIn URL,https
LinkedIn URL,http
LinkedIn URL,https
LinkedIn URL,https
LinkedIn URL,https
LinkedIn URL,https
LinkedIn URL,https
LinkedIn URL,https
LinkedIn URL,https
LinkedIn URL,https
LinkedIn URL,https
LinkedIn URL,https
LinkedIn URL,https
LinkedIn URL,https
LinkedIn URL,https
LinkedIn URL,http
LinkedIn URL,http
LinkedIn URL,https
LinkedIn URL,https
LinkedIn URL,https
LinkedIn URL,https
LinkedIn URL,https
LinkedIn URL,https
LinkedIn URL,https
LinkedIn URL,https
LinkedIn URL,https
LinkedIn URL,https
LinkedIn URL,https
LinkedIn URL,https
LinkedIn URL,https
LinkedIn URL,https
LinkedIn URL,https
LinkedIn URL,https
LinkedIn URL,https
LinkedIn URL,https
LinkedIn URL,http
LinkedIn URL,https
LinkedIn URL,https
LinkedIn URL,https
LinkedIn URL,https
LinkedIn URL,http
LinkedIn URL,https
LinkedIn URL,https
LinkedIn URL,https
LinkedIn URL,https
LinkedIn URL,https
LinkedIn URL,https
LinkedIn URL,https
LinkedIn URL,https
LinkedIn URL,https
LinkedIn URL,http
LinkedIn URL,https
LinkedIn URL,https
LinkedIn URL,https
LinkedIn URL,https
LinkedIn URL,https
LinkedIn URL,https
LinkedIn URL,https
LinkedIn URL,https
LinkedIn URL,https
LinkedIn URL,https
LinkedIn URL,https
LinkedIn URL,https
LinkedIn URL,https
LinkedIn URL,https
LinkedIn URL,https
LinkedIn URL,http
LinkedIn URL,https
LinkedIn URL,https
LinkedIn URL,https
LinkedIn URL,https
LinkedIn URL,https
LinkedIn URL,https
LinkedIn URL,https
LinkedIn URL,https
LinkedIn URL,https
LinkedIn URL,http
LinkedIn URL,https
LinkedIn URL,https
LinkedIn URL,https
LinkedIn URL,https
LinkedIn URL,https
LinkedIn URL,https
LinkedIn URL,https
LinkedIn URL,https
LinkedIn URL,https
LinkedIn URL,https
LinkedIn URL,https
LinkedIn URL,https
LinkedIn URL,https
LinkedIn URL,https
LinkedIn URL,https
LinkedIn URL,https
LinkedIn URL,https
LinkedIn URL,https
LinkedIn URL,https
LinkedIn URL,https
LinkedIn URL,https
LinkedIn URL,https
LinkedIn URL,http
LinkedIn URL,https
LinkedIn URL,https
LinkedIn URL,https
LinkedIn URL,https
LinkedIn URL,https
LinkedIn URL,https
LinkedIn URL,https
LinkedIn URL,https
LinkedIn URL,https
LinkedIn URL,https
LinkedIn URL,https
LinkedIn URL,https
LinkedIn URL,https
LinkedIn URL,https
LinkedIn URL,https
LinkedIn URL,https
LinkedIn URL,https
LinkedIn URL,https
LinkedIn URL,https
LinkedIn URL,https
LinkedIn URL,https
LinkedIn URL,http
LinkedIn URL,https
LinkedIn URL,https
LinkedIn URL,https
LinkedIn URL,https
LinkedIn URL,https
LinkedIn URL,https
LinkedIn URL,http
LinkedIn URL,https
LinkedIn URL,https
LinkedIn URL,https
LinkedIn URL,https
LinkedIn URL,https
LinkedIn URL,https
LinkedIn URL,https
LinkedIn URL,https
LinkedIn URL,https
LinkedIn URL,https
LinkedIn URL,https
LinkedIn URL,https
LinkedIn URL,https
LinkedIn URL,https
LinkedIn URL,https
LinkedIn URL,https
LinkedIn URL,https
LinkedIn URL,https
LinkedIn URL,https
LinkedIn URL,https
LinkedIn URL,https
LinkedIn URL,https
LinkedIn URL,https
LinkedIn URL,https
LinkedIn URL,http
LinkedIn URL,https
LinkedIn URL,https
LinkedIn URL,https
LinkedIn URL,https
LinkedIn URL,https
LinkedIn URL,http
LinkedIn URL,https
LinkedIn URL,https
LinkedIn URL,http
LinkedIn URL,https
LinkedIn URL,https
LinkedIn URL,https
LinkedIn URL,https
LinkedIn URL,https
LinkedIn URL,https
LinkedIn URL,https
LinkedIn URL,https
LinkedIn URL,https
LinkedIn URL,https
LinkedIn URL,https
LinkedIn URL,https
LinkedIn URL,https
LinkedIn URL,https
LinkedIn URL,https
LinkedIn URL,http
LinkedIn URL,http
LinkedIn URL,https
LinkedIn URL,https
LinkedIn URL,https
LinkedIn URL,http
LinkedIn URL,https
LinkedIn URL,https
LinkedIn URL,https
LinkedIn URL,https
LinkedIn URL,https
LinkedIn URL,https
LinkedIn URL,https
LinkedIn URL,https
LinkedIn URL,https
LinkedIn URL,https
LinkedIn URL,https
LinkedIn URL,https
LinkedIn URL,https
LinkedIn URL,https
LinkedIn URL,https
LinkedIn URL,https
LinkedIn URL,http
LinkedIn URL,https
LinkedIn URL,https
LinkedIn URL,https
LinkedIn URL,https
LinkedIn URL,https
LinkedIn URL,https
LinkedIn URL,https
LinkedIn URL,https
LinkedIn URL,https
LinkedIn URL,https
LinkedIn URL,https
LinkedIn URL,https
LinkedIn URL,http
LinkedIn URL,https
LinkedIn URL,https
LinkedIn URL,https
LinkedIn URL,https
LinkedIn URL,https
LinkedIn URL,https
LinkedIn URL,https
LinkedIn URL,https
LinkedIn URL,http
LinkedIn URL,http
LinkedIn URL,https
LinkedIn URL,https
LinkedIn URL,https
LinkedIn URL,https
LinkedIn URL,https
LinkedIn URL,https
LinkedIn URL,https
LinkedIn URL,https
LinkedIn URL,https
LinkedIn URL,https
LinkedIn URL,https
LinkedIn URL,https
LinkedIn URL,https
LinkedIn URL,https
LinkedIn URL,https
LinkedIn URL,http
LinkedIn URL,https
LinkedIn URL,https
LinkedIn URL,https
LinkedIn URL,https
LinkedIn URL,https
LinkedIn URL,https
LinkedIn URL,https
LinkedIn URL,https
LinkedIn URL,https
LinkedIn URL,https
LinkedIn URL,https
LinkedIn URL,https
LinkedIn URL,https
LinkedIn URL,https
LinkedIn URL,https
LinkedIn URL,https
LinkedIn URL,https
LinkedIn URL,https
LinkedIn URL,https
LinkedIn URL,https
LinkedIn URL,https
LinkedIn URL,https
LinkedIn URL,https
LinkedIn URL,https
LinkedIn URL,https
LinkedIn URL,https
LinkedIn URL,http
LinkedIn URL,https
LinkedIn URL,https
LinkedIn URL,https
LinkedIn URL,https
LinkedIn URL,https
LinkedIn URL,https
LinkedIn URL,https
LinkedIn URL,https
LinkedIn URL,https
LinkedIn URL,https
LinkedIn URL,https
LinkedIn URL,https
LinkedIn URL,https
LinkedIn URL,https
LinkedIn URL,https
LinkedIn URL,https
LinkedIn URL,https
LinkedIn URL,https
LinkedIn URL,https
LinkedIn URL,https
LinkedIn URL,https
LinkedIn URL,https
LinkedIn URL,https
LinkedIn URL,https
LinkedIn URL,https
LinkedIn URL,https
LinkedIn URL,https
LinkedIn URL,https
LinkedIn URL,http
LinkedIn URL,https
LinkedIn URL,https
LinkedIn URL,https
LinkedIn URL,https
LinkedIn URL,http
LinkedIn URL,https
LinkedIn URL,https
LinkedIn URL,https
LinkedIn URL,https
LinkedIn URL,https
LinkedIn URL,https
LinkedIn URL,https
LinkedIn URL,https
LinkedIn URL,https
LinkedIn URL,https
LinkedIn URL,http
LinkedIn URL,https
LinkedIn URL,https
LinkedIn URL,https
LinkedIn URL,https
LinkedIn URL,https
LinkedIn URL,http
LinkedIn URL,https
LinkedIn URL,https
LinkedIn URL,https
LinkedIn URL,https
LinkedIn URL,https
LinkedIn URL,https
LinkedIn URL,https
LinkedIn URL,https
LinkedIn URL,https
LinkedIn URL,https
LinkedIn URL,https
LinkedIn URL,https
LinkedIn URL,https
LinkedIn URL,https
LinkedIn URL,https
LinkedIn URL,https
LinkedIn URL,http
LinkedIn URL,https
LinkedIn URL,https
LinkedIn URL,https
LinkedIn URL,https
LinkedIn URL,https
LinkedIn URL,https
LinkedIn URL,https
LinkedIn URL,https
LinkedIn URL,http
LinkedIn URL,https
LinkedIn URL,https
LinkedIn URL,https
LinkedIn URL,https
LinkedIn URL,https
LinkedIn URL,https
LinkedIn URL,https
LinkedIn URL,https
LinkedIn URL,https
LinkedIn URL,https
LinkedIn URL,https
LinkedIn URL,https
LinkedIn URL,https
LinkedIn URL,https
LinkedIn URL,https
LinkedIn URL,https
LinkedIn URL,https
LinkedIn URL,https
LinkedIn URL,https
LinkedIn URL,https
LinkedIn URL,https
LinkedIn URL,https
LinkedIn URL,http
LinkedIn URL,https
LinkedIn URL,https
LinkedIn URL,https
LinkedIn URL,https
LinkedIn URL,https
LinkedIn URL,https
LinkedIn URL,https
LinkedIn URL,https
LinkedIn URL,https
LinkedIn URL,https
LinkedIn URL,https
LinkedIn URL,https
LinkedIn URL,http
LinkedIn URL,http
LinkedIn URL,https
LinkedIn URL,https
LinkedIn URL,https
LinkedIn URL,https
LinkedIn URL,http
LinkedIn URL,https
LinkedIn URL,https
LinkedIn URL,https
LinkedIn URL,https
LinkedIn URL,https
LinkedIn URL,https
LinkedIn URL,https
LinkedIn URL,https
LinkedIn URL,https
LinkedIn URL,https
LinkedIn URL,https
LinkedIn URL,https
LinkedIn URL,https
LinkedIn URL,https
LinkedIn URL,https
LinkedIn URL,https
LinkedIn URL,https
LinkedIn URL,https
LinkedIn URL,https
LinkedIn URL,https
LinkedIn URL,https
LinkedIn URL,https
LinkedIn URL,https
LinkedIn URL,https
LinkedIn URL,https
LinkedIn URL,https
LinkedIn URL,https
LinkedIn URL,https
LinkedIn URL,https
LinkedIn URL,http
LinkedIn URL,https
LinkedIn URL,https
LinkedIn URL,http
LinkedIn URL,http
LinkedIn URL,https
LinkedIn URL,https
LinkedIn URL,https
LinkedIn URL,https
LinkedIn URL,https
LinkedIn URL,https
LinkedIn URL,https
LinkedIn URL,https
LinkedIn URL,https
LinkedIn URL,https
LinkedIn URL,https
LinkedIn URL,https
LinkedIn URL,https
LinkedIn URL,https
LinkedIn URL,https
LinkedIn URL,https
LinkedIn URL,https
LinkedIn URL,http
LinkedIn URL,https
LinkedIn URL,https
LinkedIn URL,https
LinkedIn URL,https
LinkedIn URL,https
LinkedIn URL,https
LinkedIn URL,https
LinkedIn URL,https
LinkedIn URL,https
LinkedIn URL,https
LinkedIn URL,https
LinkedIn URL,https
LinkedIn URL,https
LinkedIn URL,https
LinkedIn URL,https
LinkedIn URL,https
LinkedIn URL,https
LinkedIn URL,https
LinkedIn URL,https
LinkedIn URL,https
LinkedIn URL,https
LinkedIn URL,https
LinkedIn URL,https
LinkedIn URL,https
LinkedIn URL,https
LinkedIn URL,https
LinkedIn URL,https
LinkedIn URL,https
LinkedIn URL,https
LinkedIn URL,https
LinkedIn URL,https
LinkedIn URL,https
LinkedIn URL,https
LinkedIn URL,http
LinkedIn URL,https
LinkedIn URL,https
LinkedIn URL,https
LinkedIn URL,https
LinkedIn URL,https
LinkedIn URL,https
LinkedIn URL,https
LinkedIn URL,https
LinkedIn URL,https
LinkedIn URL,https
LinkedIn URL,https
LinkedIn URL,https
LinkedIn URL,https
LinkedIn URL,https
LinkedIn URL,https
LinkedIn URL,https
LinkedIn URL,https
LinkedIn URL,https
LinkedIn URL,https
LinkedIn URL,https
LinkedIn URL,https
LinkedIn URL,https
LinkedIn URL,https
LinkedIn URL,https
LinkedIn URL,https
LinkedIn URL,https
LinkedIn URL,https
LinkedIn URL,https
LinkedIn URL,https
LinkedIn URL,https
LinkedIn URL,https
LinkedIn URL,https
LinkedIn URL,https
LinkedIn URL,https
LinkedIn URL,https
LinkedIn URL,https
LinkedIn URL,https
LinkedIn URL,https
LinkedIn URL,https
LinkedIn URL,https
LinkedIn URL,https
LinkedIn URL,https
LinkedIn URL,https
LinkedIn URL,https
LinkedIn URL,https
LinkedIn URL,https
LinkedIn URL,https
LinkedIn URL,https
LinkedIn URL,https
LinkedIn URL,https
LinkedIn URL,https
LinkedIn URL,http
LinkedIn URL,https
LinkedIn URL,https
LinkedIn URL,https
LinkedIn URL,https
LinkedIn URL,https
LinkedIn URL,https
LinkedIn URL,https
LinkedIn URL,https
LinkedIn URL,https
LinkedIn URL,https
LinkedIn URL,https
LinkedIn URL,https
LinkedIn URL,https
LinkedIn URL,https
LinkedIn URL,https
LinkedIn URL,https
LinkedIn URL,https
LinkedIn URL,https
LinkedIn URL,https
LinkedIn URL,https
LinkedIn URL,https
LinkedIn URL,https
LinkedIn URL,https
LinkedIn URL,https
LinkedIn URL,https
LinkedIn URL,https
LinkedIn URL,https
LinkedIn URL,https
LinkedIn URL,https
LinkedIn URL,https
LinkedIn URL,https
LinkedIn URL,https
LinkedIn URL,https
LinkedIn URL,https
LinkedIn URL,https
LinkedIn URL,https
LinkedIn URL,https
LinkedIn URL,https
LinkedIn URL,https
LinkedIn URL,https
LinkedIn URL,https
LinkedIn URL,https
LinkedIn URL,https
LinkedIn URL,https
LinkedIn URL,https
LinkedIn URL,https
LinkedIn URL,https
LinkedIn URL,https
LinkedIn URL,https
LinkedIn URL,http
LinkedIn URL,http
LinkedIn URL,https
LinkedIn URL,https
LinkedIn URL,https
LinkedIn URL,https
LinkedIn URL,https
LinkedIn URL,http
LinkedIn URL,https
LinkedIn URL,https
LinkedIn URL,https
LinkedIn URL,https
LinkedIn URL,https
LinkedIn URL,https
LinkedIn URL,https
LinkedIn URL,https
LinkedIn URL,https
LinkedIn URL,https
LinkedIn URL,https
LinkedIn URL,https
LinkedIn URL,https
LinkedIn URL,https
LinkedIn URL,https
LinkedIn URL,https
LinkedIn URL,https
LinkedIn URL,https
LinkedIn URL,https
LinkedIn URL,https
LinkedIn URL,https
LinkedIn URL,https
LinkedIn URL,https
LinkedIn URL,https
LinkedIn URL,https
LinkedIn URL,https
LinkedIn URL,https
LinkedIn URL,https
LinkedIn URL,https
LinkedIn URL,http
LinkedIn URL,https
LinkedIn URL,https
LinkedIn URL,https
LinkedIn URL,https
LinkedIn URL,https
LinkedIn URL,https
LinkedIn URL,https
LinkedIn URL,https
LinkedIn URL,https
LinkedIn URL,https
LinkedIn URL,http
LinkedIn URL,https
LinkedIn URL,https
LinkedIn URL,https
LinkedIn URL,https
LinkedIn URL,https
LinkedIn URL,https
LinkedIn URL,https
LinkedIn URL,https
LinkedIn URL,https
LinkedIn URL,https
LinkedIn URL,https
LinkedIn URL,https
LinkedIn URL,https
LinkedIn URL,https
LinkedIn URL,https
LinkedIn URL,http
LinkedIn URL,https
LinkedIn URL,https
LinkedIn URL,https
LinkedIn URL,https
LinkedIn URL,https
LinkedIn URL,https
LinkedIn URL,https
